Idiom,Idiom_f,Meaning,Meaning_trans
ًأحاط به علما,أحاط به علماً,To know something thoroughly,معرفة شيء ما بدقة
إحاطة بِـ,إحاطة بـ,"Familiarity with, acquaintance with",الإلمام والإلمام بـ
أحاطه علما بِـ,أحاطه علماً بـ,He let him know about,أخبره عن
. . . أحب له أن,... أحب له أن,To like about someone that he...,للإعجاب بشخصٍ ما أنه...
ًأحبّه حُبّاً جَمّا,أحبّه حُبّاً جَمّا,To be more than found of,أن تكون أكثر من موجود من
ًاحتدم غيظا,احتدم غيظاً,"To burn with wrath at, over",أن تحترق غضبًا على، على
احتراسا ً من,احتراساً من,Protection from or against,الحماية من أو ضد
! ْاحتَرِس,! احترس,Caution!,احذر!
احترم نفسَه,احترم نفسه,To be self-respecting,أن تكون محترماً لذاتك
احتسب عند هللا الشيء,احتسب عند الله الشيء,To sacrifice something in anticipation of God’s reward in the hereafter,التضحية بشيء احتسابًا لثواب الله في الآخرة
