Original_EN_Sentence,EN_to_KR_Translation,Label
Asking for a week off right before the busiest season at work is a big ask.,직장에서 가장 바쁠 때에 바로 일주일간 휴가를 요청하는 것은 매우 큰 요구입니다.,하늘의 별 따기
His opinion on the matter is worth a dime's worth to me; I’ve already made up my mind.,그 사람의 의견은 한 푼도 안 가요. 이미 마음이 정해졌으니까.,아홉 마리 소에 터럭 하나
"She won the race by a hair's breadth, crossing the finish line just milliseconds ahead of her competitor.",1 밀리초 차이로 우승을 차지했다는 말.,엎드러지면 코 닿을 데
"His excuse for being late was a load of codswallop, and everyone could see right through it.","늦게 온 그의 핑계는 전혀 믿을 수 없는 거짓말이었고, 모두 그 진미를 알아보았다.",고양이가 알 낳을 노릇이다
"The financial crisis was a perfect storm of poor investments, high debt levels, and plummeting market confidence.","재정 위기란 잘못된 투자, 높은 부채, 그리고 시장의 신뢰가 크게 떨어짐을 비유적으로 이르는 말.",피겨죽에 강도
The math test was a piece of cake; I finished it in just fifteen minutes!,수학 시험은 매우 쉬웠다. 15분 만에 끝냈다.,겉보리 돈 사기가 수양딸로 며느리 삼기보다 쉽다
That vintage guitar for just fifty dollars was a steal!,50달러에 구입한 그 오래된 기타는 대단히 저렴한 가격이었다는 말.,값싼 갈치자반 
"The park is just a stone's throw from my apartment, making it easy to visit whenever I want.",근처에 공원이 있어 언제나 쉽게 방문할 수 있다는 말.,엎드러지면 코 닿을 데
"I tried using that old printer, but it was about as useful as a chocolate teapot.","그 오래된 프린터를 사용하려고 시도했지만, 그만큼 쓸모가 없음을 비유적으로 이르는 말.",시거든 떫지나 말고 얽거든 검지나 말지
"After she moved away, he was left with an aching heart as he missed her every single day.",그녀가 떠난 후 그는 매일매일 그녀를 생각하느라고 가슴이 아팠다.,코허리가 저리고 시다
His careless remarks only added fuel to the fire during the heated argument between the two friends.,"두 친구 사이에 격분한 논쟁이 벌어지고 있을 때, 그는 아무렇지도 않은 듯이 아무말을 하지 않아야 한다고 말함을 비유적으로 이르는 말.",울려는 아이 뺨 치기
"The invitation was sent to all and sundry, ensuring that no one was left out of the celebration.",모든 사람에게 초대장을 보냈기 때문에 누구도 축하 행사에 참여하지 못하게 됨을 비유적으로 이르는 말.,너 나 할 것 없이
"When she said she had news about the promotion, I was all ears.",그녀가 승진에 대한 소식을 알려주겠다고 하자 나도 귀를 기울였다.,눈과 귀가 쏠리다
"I double-checked my packing, and now I’m all set for our trip tomorrow.",내 짐을 꼼꼼히 챙기고 나니 내일 떠나는 여행 준비는 다 됐다는 말.,신들메를 조이다
Her constant lateness to work was just another nail in her coffin when it came to keeping her job.,일찍 오르지 않는 그녀의 습관은 일자리를 잃게 되는 또 다른 이유가 됨을 비유적으로 이르는 말.,엎친 데 덮치다
"The kids had ants in their pants during the long car ride, constantly asking, ""Are we there yet?""",아이들은 긴 차량여행 중에 항상 '이제 곧 도착할까요?'이라는 질문을 하였다.,불알 밑이 근질근질하다
The team worked around the clock to meet the project deadline.,프로젝트 마감일을 맞추기 위하여 팀은 하루도 쉰 일이 없게 됨을 이르는 말.,사돈 밤 바래기
The math test was as easy as pie; I finished it in just fifteen minutes.,수학 시험은 매우 쉬웠다. 15분 만에 끝냈다.,주먹으로 물 찧기
"After receiving the good news about her promotion, she was as happy as a clam.",그녀가 승진 소식을 듣고 매우 기뻐하던 것을 비유적으로 이르는 말.,잔치날에 큰상 받는 기분
"When she told me the news, I was completely at a loss for words.","그녀가 그 소식을 알려 주었을 때, 나는 말도 못 하게 되었습니다.",혀가 내둘리다
"During the lecture, I could tell she was away with the fairies, completely oblivious to what the professor was saying.",강의 중에 그녀는 무슨 생각을 하고 있는지 모르겠다는 표정을 짓고 있었습니다.,소 잡아먹을 궁리하듯 한다
"She waited with bated breath for the results of the audition, hoping to hear good news.",오래 기다리던 결과가 나올 때를 기다리는 사람의 긴장된 마음을 비유적으로 이르는 말.,간이 조마조마하다
"If you want to join us at the dinner party, you need to promise to behave yourself.",저녁 파티에 참석하려면 자제를 기르겠다고 약속해야 합니다.,들 데 놓을 데를 안다
It took a lot of courage for her to bell the cat and confront the bully who had been terrorizing the students.,그녀가 괴롭힘을 당하던 학생들을 위하여 용기를 내어 용의 눈썹을 깎는 것만큼 어려운 일을 해냄을 비유적으로 이르는 말.을 표현하기에 '용의 눈을 가리다'이 적합한 관용구입니다.,칼 물고 뜀뛰기
"When she saw the mess the kids had made, she nearly blew a gasket.",자식들이 만들어 놓은 엉큼한 꼴을 본 그녀는 몹시 화를 냈음을 비유적으로 이르는 말.,이 갈리다
"She doesn't like to blow her own horn, but everyone knows she's the best in the department.",자기가 잘하는 것을 자랑하지 않는 사람을 비유적으로 이르는 말.,구렁이 제 몸 추듯
He never misses an opportunity to blow his own trumpet during meetings.,회의에서 늘 자기가 한 일이나 이룩한 성과를 자랑함을 비유적으로 이르는 말.,구렁이 제 몸 추듯
"When he discovered that his project had been sabotaged, he blew his top and confronted the team immediately.",그가 자신의 프로젝트가 망쳐졌다는 것을 알게 되자 분을 참지 못하고 곧바로 팀원들을 꾸짖었다.,화가 머리끝까지 나다
The old dog finally breathed his last after a long and happy life.,오랜 세월을 살아온 늙은이도 마침내 죽게 됨을 비유적으로 이르는 말.,한 줌 재가 되다
"After losing his job, he was completely broke and had to move back in with his parents.",그가 일자리를 잃고 어찌할 도리가 없이 되다보니 부모님 곁으로 돌아와 살게 됨을 비유적으로 이르는 말.,땡전 한 푼 없다
"When she walked in and saw the surprise party, her bug-eyed expression said it all.",그녀가 당한 놀라움을 표현하기에 '눈이 커지다'이 적합한 관용구입니다.,두 눈이 꿀단지 같다
"After all those years of risky adventures, he finally bought the farm during a mountain climbing accident.","수년간의 위험한 모험 끝에, 그는 산登攀 사고에서 목숨을 잃었다.",한 줌 재가 되다
"Before you cast the first stone at her, remember that we've all made mistakes in our past.","먼저 돌을 던지기 전에, 우리 모두는 과거에 잘못을 저질렀다는 것을 생각해 보아야 한다.",제 그른 줄 모르고 남만 그르다 한다
"When I asked him about his strange behavior, he just stared at me as if the cat had got his tongue.","그의 이상한 행동에 대하여 물었을 때, 그는 아무 말도 하지 않고 나를 쳐다봤다는 말. '고양이가 입을 벌렸다'이라는 관용구를 사용할 수 있습니다.",혀가 내둘리다
The coach chewed the players out after their poor performance in the game.,감독은 팀이 저질러 놓은 실수 때문에 몹시 화를 냈습니다.,혼뜨검 만나다
The raise they offered me was nothing more than chicken feed compared to the work I do.,제게 제안된 급여 인상은 제 일에 비하여 턱없이 적다는 말.,아홉 마리 소에 터럭 하나
"After receiving the news of her promotion, she was on cloud nine for the rest of the week.",그녀가 승진 소식을 듣고 나서 일주일 동안 매우 기분이 좋았다는 말.,잔치날에 큰상 받는 기분
"When I forgot to submit the report on time, my boss came down on me like a ton of bricks.","보고서 제출을 늦추었을 때, 상사로부터 엄격한 비판을 받게 됨을 비유적으로 이르는 말.",혼뜨검 만나다
It recently came to my attention that the meeting has been rescheduled for next week.,회의 일정이 다음 주로 변경되었다는 것을 최근에 알게 됨을 비유적으로 이르는 말.,눈이 트이다
"After hours of arguing, he finally decided to cry uncle and accept that he was wrong.","오랫동안 다툰 끝에, 그는 결국 손 떼고 잘못한 것임을 인정하였다.",무릎 꿇다
The test was easy as pie; I finished it in just fifteen minutes.,시험은 매우 쉬웠다. 15분 만에 끝냈다.,주먹으로 물 찧기
The math test was easy-peasy; I finished it in just fifteen minutes!,수학 시험은 매우 쉬웠다. 15분 만에 끝냈다.,주먹으로 물 찧기
Every man jack of us had a great time at the party last night.,저녁에 있었던 파티는 모두가 즐겁게 참석했음을 비유적으로 이르는 말.,너 나 할 것 없이
She checks her phone every minute to see if he has replied to her message.,그가 메시지를 보냈는지 확인하기 위하여 자주 핸드폰을 확인한다는 말.,낮이고 밤이고
"After years of working together, their constant bickering made it clear that familiarity breeds contempt.","여러 해 동안 함께 일한 끝에, 늘 다툼을 벌이다 보니 익숙한 사람도 싫어하게 된다는 것을 잘 나타낼 수 있는 관용구입니다.",가까운 집 며느리일수록 흉이 많다
"Instead of trying to resolve the argument, she just fanned the flames by bringing up old issues.",논쟁을 해결하려고 하지 않고 오히려 이전의 이슈를 끌어들여 불을 붙였다.,불붙는 데 키질하기
Her story about being abducted by aliens seemed far-fetched to everyone at the party.,파티에 참석한 모든 사람들이 그녀의 외계인에 의해 납치되었다는 이야기를 믿지 못했다.,불 안 때도 절로 익는 솥
"After receiving that promotion, I felt like a million!",그 승진을 받고 나서 나는 엄청난 기쁨을 느꼈다.,잔치날에 큰상 받는 기분
"During his fit of anger, he shouted at everyone in the room without thinking.",화가 나서 아무 생각 없이 방구석에 앉아 있는 사람까지 욕하는 사람을 비꼬는 말.,골 오르다
"After receiving the good news about her promotion, she was full of the joys of spring all day long.",그녀가 승진 소식을 듣고는 하루종일 기분이 좋았다는 말.,잔치날에 큰상 받는 기분
"If you don't finish that project on time, you're going to get it in the neck from the boss.",그 프로젝트를 시간 내서 끝내지 않으면 사장님한테 욕을 듣게 됨을 비유적으로 이르는 말.,혼뜨검 만나다
"I appreciate your honesty; just give it to me straight, no sugarcoating.",솔직하게 말해 주시겠어요?  거짓말은 하지 마시고 다정한 사이임을 감안하여도 거기에는 한계가 있다는 말.,말은 바른대로 하고 큰 고기는 내 앞에 놓아라
"When he missed the deadline for the project again, his boss really gave him what for.","그가 또 프로젝트의 마감 기한을 놓쳤을 때, 그의 상사로부터 엄격한 비판을 받게 됨을 비유적으로 이르는 말.",혼뜨검 만나다
"After months of trying to fix the car, I finally decided to give up and take it to the mechanic.",몇 달 동안 차를 고치려고 애쓰던 끝에 결국은 수리공에게 맡기기로 했다.,무릎 꿇다
"When she saw the mess he made in the kitchen, she went ballistic.",그가 만든 주방의 난장판을 본 그녀는 몹시 화를 냈음을 이르는 말.,이 갈리다
"After months of hard work, the project went down the pan when the funding was cut.",수개월간의 고된 노력 끝에 프로젝트는 자금 조달이 끊어짐을 비유적으로 이르는 말.,닭 쫓던 개 울타리 넘겨다보듯
"If you believe in your idea, just go for it and don't hold back.",자신이 믿고 있는 생각을 행동으로 옮겨야 함을 비유적으로 이르는 말.,맨발 벗고 나서다
"In our company, innovation and teamwork go hand in hand to achieve the best results.",우리 회사의 강점은 혁신과 팀워크입니다. 이 두 가지를 잘 조합하면 최고의 성과를 거둘 수 있음을 이르는 말.,거미 줄 따르듯
"After his accident, I couldn't help but think he might go home in a box if things didn't improve.","그가 사고를 당한 후, 그의 상태가 나아지지 않으면 죽을지도 모른다는 생각이 들었다는 말.",한 줌 재가 되다
"During the meeting, she seemed to just go through the motions, rarely contributing anything meaningful to the discussion.",회의에서 그녀는 거의 아무 말도 하지 않고 그냥 가만히 앉아만 있음을 비유적으로 이르는 말.,울며 겨자 먹기
"After a long battle with illness, she finally went west last night.",오랫동안 병에 시달린 끝에 어제 밤에 세상을 떠났다는 말.,한 줌 재가 되다
"When the team scored the winning goal, the fans in the stadium were going nuts!",팀이 결승골을 넣자 관중석에서는 난장판이 되었다.,입에 게거품을 물다
He felt like a good-for-nothing after losing his job and not being able to contribute to the household.,그는 일자리를 잃고 집안의 수입에 기여할 수 없게 됨을 비유적으로 이르는 말.,흑싸리 깝대기
"After weeks of dealing with his constant complaints, I finally told him to leave, and I felt a sense of good riddance.",며칠 동안 계속해서 불평을 들어오던 사람을 쫓아내고 나서 좋게 느껴졌다는 말.,속 시원하다
He was caught trying to grease the palm of the city official to secure the contract.,그는 시의원에게 뇌물을 주려다가 걸려들었다.,약을 치다
"After finally getting the promotion, she felt as happy as a clam.",드디어 승진을 차지하고 나서 그녀는 매우 행복했다.,잔치날에 큰상 받는 기분
She realized that haste makes waste when she rushed through her presentation and forgot key details.,그녀는 급히 하다가는 손해만 본다는 것을 깨닫게 됨을 비유적으로 이르는 말.,급히 먹는 밥이 목이 멘다
"She always seemed to have it easy, sailing through school while others struggled.",그녀는 항상 쉬운 길을 택했음을 비유적으로 이르는 말.,먹는 밥이 살로 가다
She had kittens when she realized she left her phone at the coffee shop.,그녀가 커피숍에 남겨 두었던 핸드폰을 발견하지 못한 사실을 깨닫고는 매우 놀랐다는 말.,뒤웅박 신고 얼음판에 선 것 같다
"When she found out that her coworker had taken credit for her work, she hit the ceiling.",그녀가 자기의 업적을 남자가 빼앗았다는 것을 알게 되자 몹시 화를 냈음을 비유적으로 이르는 말.,이 갈리다
"When the storm forecasted heavy rain, some people hit the panic button and rushed to buy supplies.",폭우가 쏟아질 것처럼 예보가 나자 일부 사람들은 긴장하여 물건을 사러 급히 나섰다.,뒤웅박 신고 얼음판에 선 것 같다
All his claims about transforming the company in a month turned out to be nothing but hot air.,1달 안에 회사를 바꿀 수 있다는 그의 모든 주장은 헛소리였음을 이르는 말.,어림 반 푼어치도 없다
"After checking all the equipment, the team confirmed they were good to go for the presentation.","모든 장비를 점검한 후, 팀은 발표를 위해 준비가 완료되었다고 확인했다.",신들메를 조이다
I haven't seen my old college buddy in a coon's age; we really need to catch up!,대학 동창을 오랜만에 만난 경우를 비유적으로 이르는 말.,보리밥 한 솥 짓는 동안
He loves to swim in the ocean in the buff when no one else is around.,그는 아무도 안 보는 곳에 가서 속옷을 입지 않고 바다를 헤엄치기를 좋아한다는 말.,실 한 오리 안 걸치다
"After the unexpected car repair, I'm really in the hole this month.",뜻밖의 차량 수리비로 이번 달에 큰 손해를 봤음을 비유적으로 이르는 말.,고슴도치 외 따 지듯
"After the storm, the boat seemed to have vanished into thin air.",폭풍이 지나간 뒤에는 보트가 없어져 보이지 않음을 비유적으로 이르는 말.,단 가마에 눈
"After struggling with the project for hours, Jason realized he was just making excuses; it really is a poor workman who blames his tools.",몇 시간 동안 프로젝트에 애를 태우던 제이슨은 결국 그저 핑계만 대고 있음을 깨닫게 됨을 비유적으로 이르는 말.,쓸 줄 모르는 것이 책부터 나무란다
The math test was a piece of cake; I finished it in just fifteen minutes!,수학 시험은 매우 쉬웠다. 15분 만에 끝냈다.,주먹으로 물 찧기
Make sure to keep your eyes peeled for any signs of wildlife while we're hiking in the forest.,숲을 걸을 때는 야생 동물의 징조를 잘 알아야 한다는 말.,신경 쓰다
"After a long and fulfilling life, my grandfather finally kicked the bucket last summer.",할아버지가 오래 살다 보니 여든을 넘어서서 여름에 세상을 떠났습니다.,한 줌 재가 되다
"When the rain started pouring, we had to leg it to the nearest cafe to stay dry.","비가 쏟아지기 시작했을 때, 우리는 가장 가까운 카페로 달려가서 건너치기를 하였다.",길 죄다
I accidentally let the cat out of the bag about the surprise party when I mentioned it in front of her.,뜻밖의 파티에 대하여 말하다가 실수로 비밀을 누설함을 이르는 말. '을 표현하기에 '고양이 껍질을 벗기다'이 적합한 관용구입니다.,뒤가 드러나다
"When the deadline approached, she ran around the office like a chicken with its head cut off, trying to finish her work on time.",마감 기한이 다가오자 그녀는 사무실을 뛰어다니며 일찍 끝내야 할 일을 급히 마치려고 했다.,잔나비 밥 짓듯
"When she saw the state of her garden after the party, she lost her head and yelled at everyone.","그녀가 파티 후 정원 상태를 보았을 때, 그녀는 분을 참지 못하고 모든 사람을 욕했다.",이 갈리다
"If we want to catch the train, we need to make it snappy!",열차를 잡으려면 서둘러야 한다!,일을 하려면 어처구니 독 바르듯 하고 삼동서 김 한 장 쳐부수듯 메로 새알 부수듯 하라
The hero met his death bravely while saving the villagers from the fire.,용감하게 마을 사람들을 불을 피우는 화로부터 구해주다가는 자기 목숨을 잃게 된다는 말.,한 줌 재가 되다
"After years of reckless living, he finally faced the consequences and was forced to meet his maker.",여러 해 동안 무모하게 살아온 끝에 그는 결국 벌을 받게 됨을 비유적으로 이르는 말.,한 줌 재가 되다
"He rushed through the report, but his mistakes proved that more haste, less speed was the better approach.",그는 보고서를 급히 마치려다가 오히려 실수함을 비유적으로 이르는 말.,급한 길은 에워가라
"After the scandal broke, his name was mud in the business community.",그 후로 그의 이름은 비난의 대상으로만 알려지게 됨을 비유적으로 이르는 말.,꼬리표 붙다
"After months of planning, they finally decided to name the day for their wedding.","여러 달 동안 결혼 날짜를 정하려고 애쓰던 끝에, 결국 그날을 정하게 됨을 이르는 말.",날 잡다
"After all the bills were paid, I was left with next to nothing in my bank account.",모든 지출이 끝나고 나면 거의 아무 돈도 없게 된다는 말.,한 줌도 못 되다
"She reminded herself that no pain, no gain as she pushed through the last few miles of her marathon training.","마라톤 훈련을 마치기 위하여 마지막 몇 마일을 힘껏 달리던 중에 '아무 고통도 겪지 않으면 성과도 있을 수 없다는 말.'이라는 뜻을 가진 관용구를 봤는데, 무슨 뜻인지 알려주시겠어요?",눈을 떠야 별을 보지
"The old car sat in the driveway for years, no use to man or beast.",10년이 넘는 기간 동안 차량은 운행되지 않았고 아무에게나 쓸모가 없게 된 상태를 이르는 말.,흑싸리 깝대기
"She announced her resignation without batting an eye, as if it were just another routine day at the office.",그녀는 눈썹도 꿈쩍 안 한 채로 사임을 발표했다.  그저 일의 일환인 듯.,쓰다 달다 말이 없다
"I would never go bungee jumping, not in a million years!",1만 년이면 안 될 것 같다.,기암절벽 천층석이 눈비 맞아 썩어지거든
I think he’s not playing with a full deck if he thinks he can outrun a police car.,그가 경찰차를 피할 수 있다는 생각을 하는 것은 머리가 좋지 못함을 비유적으로 이르는 말.,흘게 빠지다
Fixing that leaky faucet was nothing to it; I did it in less than ten minutes!,수도꼭지를 고치기는 아주 쉬운 일임을 비유적으로 이르는 말.,주먹으로 물 찧기
"Since the deadline is approaching, I've been feeling on edge all week.",마감 기한이 다가오면서 일주일 간에 걸쳐 긴장감을 느꼈다.,뒤웅박 신고 얼음판에 선 것 같다
I was on pins and needles waiting for the final exam results to be posted.,시험 결과를 기다리는 동안 매우 긴장되었다는 말.,간이 조마조마하다
"After receiving the promotion, she felt on top of the world.",승진을 받고 나서 그녀는 세상이 hers라는 생각을 하게 되었다.,잔치날에 큰상 받는 기분
"In our department, the manager’s word is law, so we have to follow his instructions without question.",우리 부서에서는 매니저의 말은 법이니 그 말대로 행동해야 함을 이르는 말.,칼자루 잡다
"When she got accepted into her dream university, she was over the moon.",꿈에 그리던 대학에 합격한 그녀는 매우 기뻐했다.,입이 가로 터지다
I was heartbroken when I heard that my childhood pet had passed away.,어린 시절에 애지중지하던 애완동물이 돌아가신 것을 듣고는 마음이 매우 아팠다.,한 줌 재가 되다
"After battling the illness for so long, he finally pegged out last night.",오랫동안 병에 시달린 끝에昨밤에 세상을 떠났다는 말.,한 줌 재가 되다
His dream of retiring on a private island is just a pie in the sky idea.,"그는 은퇴 후 개인의 섬에 살고 싶어 하는 꿈을 꾸고 있으나, 그것은 현실에서 이루어질 수 없는 꿈임을 비유적으로 이르는 말.",여물 안 먹고 잘 걷는 말
"By ignoring the safety protocols, he was really playing with fire at the construction site.",그는 건설 현장에서 안전 규정을 무시함을 비유적으로 이르는 말.,칼 물고 뜀뛰기
"After all these years, it’s hard to believe that he’s pushing up the daisies.",오랜 세월이 지나도 그가 죽었다는 사실을 믿기 어려움을 비유적으로 이르는 말.,한 줌 재가 되다
"When I heard the loud thunder during the storm, I could feel myself quake in my boots.",폭우가 쏟아지던 중에 들리던 엄청난 천둥소리가 나를 무서워하게 만들었다는 말.,간이 오그라들다
"My grandfather lived to a ripe old age, enjoying his family and travels well into his 90s.","내 할아버지는 오래 살았는데, 그 나이가 많아지면서도 여행을 자주 다녔고, 자식들과 함께 지냈음을 이르는 말.",검은 머리 파 뿌리 되도록
"After struggling with the difficult puzzle for hours, I finally had to say uncle and ask for help.",어려운 퍼즐을 몇 시간이나 풀어보았으나 결국 도움을 청하게 됨을 비유적으로 이르는 말.,무릎 꿇다
"After the argument, the group decided to send him to Coventry for a while.",논쟁이 끝난 후 그룹은 잠시 동안 그를 코번트리로 보내기로 결정했다.,헌 정승만치도 안 여긴다
"After receiving the news of her promotion, she was in seventh heaven for days.",그녀가 승진 소식을 듣고는 일주일 동안 하늘을 나는 것처럼 기뻤다는 말.,잔치날에 큰상 받는 기분
"When I heard that loud noise in the middle of the night, I couldn't help but shake in my boots.",밤중에 큰 소리가 나서 몹시 놀랐다는 말.,간이 오그라들다
She was shaking in her shoes before going on stage to give her speech.,연설을 하기 위하여 무대에 오르기 전에 그녀는 몹시 떨고 있었다.,뒤웅박 신고 얼음판에 선 것 같다
"After a long battle with illness, she finally shuffled off this mortal coil, leaving behind cherished memories.",오랜병을 앓고 나서 그녀는 이 세상을 떠나게 됨을 비유적으로 이르는 말.,한 줌 재가 되다
"After that long hike, I fell into bed and slept like a log all night.",그 긴 산행을 마치고 침대에 누우면 잠이 오기만 할 것 같다는 말.,발 뻗고 자다
"After a long day, I finally tucked in my kids and wished them to sleep tight.",오랜 일 끝에 집에 돌아와 자식들을 눕혔고 잠시 눈을 붙이게 하였다.,발 뻗고 자다
"She may not be the fastest runner, but she believes that slow and steady wins the race during the marathon.",달리기에는 속도가 빠르지 않아도 마라톤 경주에서는 천천히 가도 이김을 비유적으로 이르는 말.,돌 뚫는 화살은 없어도 돌 파는 락수는 있다
"When he heard the news of the betrayal, he was so furious he felt like he could spit blood.",그가 배반 소식을 듣고는 분을 참지 못하고 혀를 내둘렀다.,이 갈리다
"The coffee shop is just a stone's throw from my office, making it the perfect place for a quick break.",오피스 근처에 있는 카페는 짧은 휴식을 취할 수 있는 적합한 장소입니다.,엎드러지면 코 닿을 데
That tea leaf swiped my phone while I wasn't looking!,그 놈이 내 폰을 빼앗아 가 버렸다!,밤이슬 맞는 놈
"She reflected on her adventures during the vale of years, cherishing the memories of her youth.",늙은이 된 후에 그녀는 젊은 시절의 추억을 되새겨 보냄을 비유적으로 이르는 말.,검은 머리 파 뿌리 되도록
She threw a wobbly when she found out that someone had borrowed her favorite dress without asking.,그녀가 좋아하는 드레스를 무단으로 빌려간 것을 알고 매우 화를 냈음을 비유적으로 이르는 말.,이 갈리다
"After trying for hours to fix the car, I finally decided to throw in the towel and call a mechanic.",몇 시간 동안 차를 고치려고 애쓰던 끝에 결국 수리공을 부르기로 결심했다.,무릎 꿇다
"After months of trying to fix the old car, I finally decided to throw in the towel and buy a new one.",오랫동안 고생하던 것을 버리고 새로 시작하는 경우를 비유적으로 이르는 말. '을 표현할 수 있는 관용 표현은 무엇인가요?,무릎 꿇다
She was tickled pink when she found out she got the job she had always wanted.,그녀가 늘 원하던 일자리를 얻었음을 알게 되자 매우 기뻐했다는 말.,입이 가로 터지다
"The donations were appreciated to a man, as everyone stepped up to help those in need.",모든 사람이 도움을 필요로 하는 사람들을 돕기 위하여 자발적으로 기부함을 비유적으로 이르는 말.,너 나 할 것 없이
"She invested in her education to the hilt, taking extra courses and attending every workshop available.","그녀는 교육에 전적으로 투자하였으며, 가능한 모든 강의와 워크숍에 참석하였습니다.",될 수 있는 대로
I cranked the volume up to the max during the party to get everyone in the mood.,파티에 참석한 사람들의 분위기를 좋게 하기 위하여 소리를 매우 크게 틀었다.,될 수 있는 대로
"He pursued his passion for painting to the nth degree, dedicating every spare moment to perfecting his craft.",그에게는 그림을 그리는 것이 매우 중요함을 비유적으로 이르는 말.,될 수 있는 대로
"She doesn't like to toot her own horn, but her artwork has been featured in several galleries.",그녀는 자기가 그린 그림이 얼마나 훌륭한지 자랑하기를 꺼려함을 비유적으로 이르는 말.,구렁이 제 몸 추듯
I can't believe the missing keys were right under my nose the whole time!,제가 찾던 열쇠는 제가 보지 아니하고 있었던 것이었다는 말. '을 잘 나타낼까요?,엎드러지면 코 닿을 데
"After his involvement in the robbery, he found himself up the river for ten years.",10년 동안 감옥살이를 하게 됨을 비유적으로 이르는 말.,콩밥 맛을 보다
"In her vale of years, she often fondly reminisced about the adventures she had in her youth.",늙어서는 옛날의 추억을 자주 떠올리게 됨을 비유적으로 이르는 말.,검은 머리 파 뿌리 되도록
"One moment he was standing there, and the next he seemed to vanish into the air.",한 순간에 그 자리에서 사라진 것처럼 보였다.,단 가마에 눈 녹듯하다
"After receiving the promotion, she felt like she was walking on air.",승진을 받은 후 그녀는 하늘을 나는 것처럼 느껴졌다.,잔치날에 큰상 받는 기분
"After receiving the news of her promotion, she was walking on air all day.",그녀가 승진 소식을 듣고 나서 하루종일 하늘을 나는 것 같았다.,입이 가로 터지다
I'll believe he's going to commit to that project when hell freezes over.,그가 그 프로젝트에 진심을 두고 하겠다고 말할 때는 하늘에 별이 내릴 때까지 기다려야 한다는 말.,금강산 상상봉에 물 밀어 배 띄워 평지 되거든
"First, I lost my job, and then my car broke down; truly, when it rains, it pours.",일도 잃고 차도 고장나니 참을 수 없을 만큼 큰 불행을 겪게 됨을 비유적으로 이르는 말.,엎친 데 덮치다
I'll believe that he can finish a marathon when pigs fly!,그가 마라톤을 끝내겠다고 말하면 돼지 날개 달고 날아오기를 바란다는 말.,금강산 상상봉에 물 밀어 배 띄워 평지 되거든
Searching for my lost keys in the park turned out to be a wild goose chase.,키를 찾으려고 공원에 나섰는데 도무지 찾을 수 없음을 비유적으로 이르는 말.,게 등에 소금 치기
We waited with bated breath for the announcement of the contest winner.,경연의 결과를 기다리며 긴장한 상태를 비유적으로 이르는 말.,굿 구경 간 어미 기다리듯
"After that scandal, his name is mud among the community.",그 후로 그 사람의 이름은 그 사회에서 더 이상 쓰이지 아니하게 됨을 이르는 말.,꼬리표 붙다
The math test was a piece of cake; I finished it in just ten minutes.,수학 시험은 매우 쉬웠다. 10분 만에 끝냈다.,누워서 떡 먹기
His constant criticism only added fuel to the fire during our argument.,우리 사이에 다툼이 생겼을 때 그의 계속된 비판은 오히려 화를 더 돋우는 것이었다.,불난 집에 부채질하다
"I believe she has an axe to grind in this meeting, as she keeps bringing up issues that only affect her department.",저는 이 회의에서 그녀는 자기 부서만을 위한 사안을 끄집어 내면서 이익을 얻으려고 하는 사람이라는 생각을 가지고 있습니다.,딴 주머니를 차다
The math test was as easy as pie; I finished it in under ten minutes!,수학 시험은 매우 쉬웠다. 10분 안에 끝냈다.,누워서 떡 먹기
"When I heard the unexpected news, I was completely at a loss for words.",뜻밖의 소식을 들었을 때 말문이 막혀 아무 말도 못 하게 되다.,혀를 내두르다
"After the trial, he knew he would be behind bars for a long time.",재판이 끝나고 나서 그는 오랫동안 감옥살이를 하게 될 것이라는 사실을 알게 되었다.,콩밥을 먹다
"After staying up all night studying, I thought I might black out during the exam.",밤새 공부하다 보니 시험장에 들어서니 눈이 번쩍 뜨일 것 같았다.,필름이 끊기다
"When I saw the mess in the living room after my brother's party, I nearly blew my top.",남동생의 파티 후 살림살이가 엉망이 된 것을 보니 몹시 화가 났음을 비유적으로 이르는 말.,뚜껑이 열리다
He tried to butter up his boss before asking for a raise by complimenting her on her recent achievements.,상사에게 인정을 받기 위하여 상사의 업적을 칭찬함을 비유적으로 이르는 말.,비행기 태우다
The politician came under fire for his controversial statements during the interview.,정치인은 인터뷰 중에 논란을 일으킨 발언에 대하여 비판을 받게 됨을 이르는 말.,도마 위에 오르다
"She goes to the gym day in, day out to maintain her fitness.",그녀는 매일같이 체육관에 다니며 자신의 체형을 유지하고 있다.,하루가 멀다 하고
"When she asked me the answer to that question, I just drew a blank.","그녀가 그 질문에 대한 답을 물었을 때, 나는 아무 말도 못 하게 됨을 이르는 말.",필름이 끊기다
His controversial comments during the meeting drew fire from several colleagues.,회의 중에 논란을 일으킨 그의 발언에 몇몇 직원들이 화를 냈다.,도마 위에 오르다
"For an experienced chef like her, preparing a five-course meal is just duck soup.",5가지 코스 메뉴를 차려 놓는 것은 요리 실력이 있는 사람에게는 손쉽게 할 수 있는 일임을 비유적으로 이르는 말.,누워서 떡 먹기
Learning to ride a bike again after all these years was as easy as falling off a log.,오랜만에 자전거를 타는 것은 매우 쉬웠다.,누워서 떡 먹기
The math test was easy as pie; I finished it in just fifteen minutes.,수학 시험은 매우 쉬웠다. 15분 만에 끝냈다.,누워서 떡 먹기
Solving that puzzle was easy-peasy; I finished it in under five minutes!,그 퍼즐을 푸는 것은 매우 쉬움을 비유적으로 이르는 말.,누워서 떡 먹기
He checks his phone every minute to see if he has any new messages.,1분에 한 번씩 핸드폰을 확인하여 새로운 메시지가 있는지 확인한다.,하루가 멀다 하고
Her comments only served to fan the flames of the argument between them.,그녀의 말은 그들의 논쟁을 더욱 심화시켰다.,불난 집에 부채질하다
"If you've been thinking about starting your own business, just go for it!",사업을 시작하려면 바로 시작하라는 말.,발 벗고 나서다
"When the concert tickets sold out in seconds, the fans were going nuts.",콘서트 티켓이 몇 초 만에 매진되자 관중들은 난장판을 이룩했다.,열 받다
"She always says that celebrities have it easy, but they face pressures we can't even imagine.",연예인들은 쉬운 일만 하는 것처럼 보이지만 실제로는 우리가 상상할 수 없는 압박을 받고 있다는 말.,손에 물 한 방울 안 묻히다
The horror movie was so terrifying that it made my flesh crawl.,영화가 너무 무서워 피부가 오싹했다.,등골이 오싹하다
The two companies launched their new marketing campaigns in tandem to maximize their outreach.,두 회사는 새로운 마케팅 캠페인을 동시에 시작하여 최대한의 영향력을 끌어들였다.,손발을 잘 맞춰
The exam was a piece of cake; I finished it in just thirty minutes!,시험은 매우 쉬웠다. 30분 만에 끝냈다.,누워서 떡 먹기
"After that scandal, his name is mud in the business community.",그 후로 그 사람의 이름은 사업계에서 더럽게 됨을 이르는 말.,꼬리표가 붙다
"She reminded herself that no pain, no gain as she pushed through the final miles of her marathon training.",마라톤 훈련을 마치기 위하여 마지막 몇 킬로미터를 달리던 중에 herself에게 '아무 고통도 겪지 아니하면 성과도 있을 수 없음을 비유적으로 이르는 말.'을 말하고 싶을 때 사용할 수 있는 관용구가 있을까요?,하늘을 봐야 별을 딴다
"When I first tried baking, I thought it would be challenging, but it turned out to be nothing to it.","처음으로 베이킹을 시도했을 때, 나는 그것이 어려울 것이라고 생각했지만, 결과는 전혀 그렇지 아니함을 알게 됨을 이르는 말.",누워서 떡 먹기
"Before we finalize the project, let’s make sure we are on the same page regarding the budget.","이 프로젝트를 마무리하기 전에, 예산에 대한 의견이 일치하는지 확인해 보아야 함을 비유적으로 이르는 말.",손발을 잘 맞춰
"In that company, the CEO's word is law, and no one dares to question his decisions.",그 회사는 CEO의 말은 법이고 아무도 그의 결정에 반항하지 않는다는 말.,칼자루를 잡다
I was really pissed off when my favorite show got canceled unexpectedly.,제가 좋아하던 프로그램이 뜻밖에 취소되자 몹시 화가 났습니다.,뚜껑이 열리다
The thought of speaking in front of the entire school made her quake in her boots.,학교 전체가 모인 앞에서 말을 하게 되면 몹시 떨게 됨을 비유적으로 이르는 말.,간 떨리다
"When she was reading her book, she was as quiet as a mouse.",책을 읽는 중에 매우 조용히 지냄을 비유적으로 이르는 말.,쥐 죽은 듯하다
"After being convicted of fraud, he had to serve time in federal prison.",그는 사기죄로 유죄 판결을 받고 연방 교도소에 수감되었다.,콩밥을 먹다
"When the thunderstorm rolled in, I could see my little brother shaking in his boots.",폭우가 쏟아지기 시작했을 때 나는 소리를 비유적으로 이르는 말.,간 떨리다
"When he found out that someone had lied to him, he was spitting blood with rage.",그가 거짓말을 한 사람을 알게 되자 분을 참지 못하고 화를 내기 시작했다.,뚜껑이 열리다
Winning the lottery was a stroke of luck that changed his life forever.,로또 당첨은 그의 삶을 영원히 바꾸는 행운이었다.,굴러온 호박
I can't believe the senator made those claims; he's just talking through his hat again.,senator이 그런 말을 한다는 것은 믿기 어려운 일입니다. 그는 또 헛소리를 하고 있는 것 같습니다.,소설 쓰다
"She proved her loyalty time after time, always being there when I needed her.","여러 번 그녀의 충실성을 입증하였고, 언제나 내게 필요할 때마다 나타났음을 이르는 말.",하루가 멀다 하고
The politician found himself under fire after the controversial decision was made public.,정치인은 논란의 여지가 있는 결정이 공개되면서 비난의 대상이 되었다.,도마 위에 오르다
"After getting caught for embezzlement, he knew he was going to end up up the river for a long time.",돈을 훔친 죄로 체포된 그는 오랫동안 감옥살이를 하게 될 것이라는 것을 잘 알고 있었다.,콩밥을 먹다
Looking for that lost sock in the washing machine turned into a wild-goose chase.,세탁기에서 잃어버린 양말을 찾으려다 보니 헛수고만 한 경우를 비유적으로 이르는 말.,뜬구름 잡는 소리
"After that scandal, her name is mud in the community.",그 후로 그 사람의 이름은 그 지역 사회에서 욕으로만 남게 됨을 비유적으로 이르는 말.,꼬리표가 붙다
